Item number,Title,Variation details,Custom label (SKU),Available quantity,Format,Currency,Start price,Auction Buy It Now price,Reserve price,Current price,Sold quantity,Watchers,Bids,Start date,End date,eBay category 1 name,eBay category 1 number,eBay category 2 name,eBay category 2 number,Condition,CD:Professional Grader - (ID: 27501),CD:Grade - (ID: 27502),CDA:Certification Number - (ID: 27503),CD:Card Condition - (ID: 40001),eBay Product ID(ePID),Listing site,P:UPC,P:EAN,P:ISBN
395350494476, New Center Engine Splash Shield For Hyundai XG300 2001-2005,,CAR-HY1228135,1,FIXED_PRICE,USD,7.42,,,7.42,0,1,,Apr-19-24 13:00:03 PDT,Apr-19-25 13:00:03 PDT,Splash Guards & Mud Flaps,50455,,,New,,,,,,US,,,
395301673956," New Front, Driver Side Fender Support For Volkswagen Jetta 2019-2023",,CAR-VW1244114,10,FIXED_PRICE,USD,7.47,,,7.47,0,1,,Mar-28-24 08:49:15 PDT,Apr-28-25 08:49:15 PDT,Fenders,33644,,,New,,,,,,US,,,
395964711899,"New Front, Driver Side Bumper Trim For BMW X5 2000-2003",,CAR-BM1046113,0,FIXED_PRICE,USD,7.47,,,7.47,0,,,Dec-03-24 09:39:05 PST,May-03-25 09:39:05 PDT,Body Moldings & Trims,33654,,,New,,,,,,US,,,
395554332230," Rear, Driver Side Bumper Cover Support For Toyota Yaris 2012-2014",,CAR-TO1182118,6,FIXED_PRICE,USD,7.52,,,7.52,0,,,Jul-25-24 11:13:17 PDT,Apr-25-25 11:13:17 PDT,Bumper Inserts & Covers,262146,,,New,,,,,,US,,,
395628891814," Front, Passenger Side Tow Eye Cover For Toyota RAV4 2019-2023",,CAR-TO1029125,10,FIXED_PRICE,USD,7.52,,,7.52,0,,,Aug-29-24 15:51:17 PDT,Apr-29-25 15:51:17 PDT,Bumper Inserts & Covers,262146,,,New,,,,,,US,,,
395554329865," Rear, Passenger Side Bumper Cover Support For Toyota Yaris 2012-2014",,CAR-TO1183118,7,FIXED_PRICE,USD,7.53,,,7.53,0,,,Jul-25-24 11:10:39 PDT,Apr-25-25 11:10:39 PDT,Bumper Inserts & Covers,262146,,,New,,,,,,US,,,
395350494861, New Driver Side Engine Splash Shield For Daewoo Lanos 1999-2002,,CAR-DA1228102,2,FIXED_PRICE,USD,7.62,,,7.62,0,,,Apr-19-24 13:00:20 PDT,Apr-19-25 13:00:20 PDT,Splash Guards & Mud Flaps,50455,,,New,,,,,,US,,,
395254349061,"New Driver Side, Lower Headlight Bracket For Nissan Xterra 2005-2009",,CAR-NI2508104,6,FIXED_PRICE,USD,7.82,,,7.82,0,,,Mar-07-24 19:05:21 PST,Apr-07-25 19:05:21 PDT,Light Mounts & Brackets,262209,,,New,,,,,,US,,,
395350565425," New Front, Passenger Side Fog Light Cover For Ford Expedition 2007-2014",,CAR-FO1039135,10,FIXED_PRICE,USD,7.84,,,7.84,0,,,Apr-19-24 13:55:17 PDT,Apr-19-25 13:55:17 PDT,Body Moldings & Trims,33654,,,New,,,,,,US,,,
395350569568," New Front, Passenger Side Fog Light Cover For Ford Expedition 2007-2014",,CAR-FO1039135,10,FIXED_PRICE,USD,7.86,,,7.86,0,,,Apr-19-24 14:00:06 PDT,Apr-19-25 14:00:06 PDT,Body Moldings & Trims,33654,,,New,,,,,,US,,,
395255918262,"New Front, Driver Side Bumper Trim For BMW 328i GT xDrive 2014-2019",,CAR-BM1038148,8,FIXED_PRICE,USD,7.93,,,7.93,0,,,Mar-08-24 10:58:12 PST,Apr-08-25 10:58:12 PDT,Body Moldings & Trims,33654,,,New,,,,,,US,,,
395254343295,"New Passenger Side, Lower Headlight Bracket For Nissan Xterra 2005-2009",,CAR-NI2509104,3,FIXED_PRICE,USD,7.94,,,7.94,0,,,Mar-07-24 19:03:12 PST,Apr-07-25 19:03:12 PDT,Light Mounts & Brackets,262209,,,New,,,,,,US,,,
395254424981,"New Driver Side, Upper Grille Trim For Suzuki XL-7 2004-2006",,CAR-SZ1212102,2,FIXED_PRICE,USD,8.09,,,8.09,0,,,Mar-07-24 19:53:36 PST,Apr-07-25 19:53:36 PDT,Body Moldings & Trims,33654,,,New,,,,,,US,,,
395617718007, Passenger Side Headlight Filler For Buick Rendezvous 2002-2003,,CAR-GM2511108,5,FIXED_PRICE,USD,8.11,,,8.11,0,,,Aug-25-24 10:05:25 PDT,Apr-25-25 10:05:25 PDT,Headlight Assemblies,33710,,,New,,,,,,US,,,
395299494505," New Rear, Driver Side Bumper Bracket For Hyundai Santa Fe Sport 2013-2018",,CAR-HY1142121,0,FIXED_PRICE,USD,8.17,,,8.17,0,,,Mar-27-24 10:42:26 PDT,Apr-27-25 10:42:26 PDT,Bumpers & Reinforcements,33640,,,New,,,,,,US,,,
395551465148," Rear, Driver Side Bumper Retainer For Mercedes Benz E350 2014-2015",,CAR-MB1142104,10,FIXED_PRICE,USD,8.18,,,8.18,0,,,Jul-24-24 02:10:18 PDT,Apr-24-25 02:10:18 PDT,Bumpers & Reinforcements,33640,,,New,,,,,,US,,,
395550384485, Passenger Side Air Intake Duct For Toyota C-HR 2019-2019,,CAR-TO1218115,3,FIXED_PRICE,USD,8.51,,,8.51,0,,,Jul-23-24 13:55:03 PDT,Apr-23-25 13:55:03 PDT,Bumper Inserts & Covers,262146,,,New,,,,,,US,,,
396249955030, Driver Side Air Intake Duct For BMW 550i GT 2010-2017,,CAR-BM1208104,0,FIXED_PRICE,USD,8.63,,,8.63,0,,,Feb-26-25 08:54:45 PST,Apr-26-25 08:54:45 PDT,Bumper Inserts & Covers,262146,,,New,,,,,,US,,,
395350515780, New Passenger Side Engine Splash Shield For Daewoo Lanos 1999-2002,,CAR-DA1228103,1,FIXED_PRICE,USD,9.37,,,9.37,0,1,,Apr-19-24 13:14:00 PDT,Apr-19-25 13:14:00 PDT,Splash Guards & Mud Flaps,50455,,,New,,,,,,US,,,
395350494860, New Driver Side Engine Splash Shield For Chevrolet Venture 1997-2005,,CAR-GM1250143,10,FIXED_PRICE,USD,10.02,,,10.02,0,,,Apr-19-24 13:00:20 PDT,Apr-19-25 13:00:20 PDT,Splash Guards & Mud Flaps,50455,,,New,,,,,,US,,,
395301589572," New Rear, Passenger Side Bumper Retainer For Lexus LS600h 2010-2012",,CAR-LX1133104,10,FIXED_PRICE,USD,10.46,,,10.46,0,,,Mar-28-24 08:02:54 PDT,Apr-28-25 08:02:54 PDT,Bumpers & Reinforcements,33640,,,New,,,,,,US,,,
395301589470," New Rear, Driver Side Bumper Retainer For Lexus LS600h 2010-2012",,CAR-LX1132104,10,FIXED_PRICE,USD,10.47,,,10.47,0,,,Mar-28-24 08:02:51 PDT,Apr-28-25 08:02:51 PDT,Bumpers & Reinforcements,33640,,,New,,,,,,US,,,
395628891813," Front, Driver Side Tow Eye Cover For Toyota RAV4 2019-2023",,CAR-TO1029130,10,FIXED_PRICE,USD,10.64,,,10.64,0,,,Aug-29-24 15:51:17 PDT,Apr-29-25 15:51:17 PDT,Bumper Inserts & Covers,262146,,,New,,,,,,US,,,
395551464955," Rear, Passenger Side Bumper Retainer For Mercedes Benz E350 2014-2017",,CAR-MB1143104,10,FIXED_PRICE,USD,11.13,,,11.13,0,,,Jul-24-24 02:10:08 PDT,Apr-24-25 02:10:08 PDT,Bumpers & Reinforcements,33640,,,New,,,,,,US,,,
395255819456,"New Front, Passenger Side Bumper Trim For BMW X5 2000-2003",,CAR-BM1047113,0,FIXED_PRICE,USD,11.36,,,11.36,0,,,Mar-08-24 09:56:06 PST,Apr-08-25 09:56:06 PDT,Body Moldings & Trims,33654,,,New,,,,,,US,,,
395350495111, New Front Engine Splash Shield For Kia Amanti 2004-2006,,CAR-KI1228101,2,FIXED_PRICE,USD,11.57,,,11.57,0,,,Apr-19-24 13:00:32 PDT,Apr-19-25 13:00:32 PDT,Splash Guards & Mud Flaps,50455,,,New,,,,,,US,,,
395304436311," New Front, Passenger Side Fog Light Cover For Mazda CX-5 2017-2021",,MA1039138,6,FIXED_PRICE,USD,11.62,,,11.62,0,,,Mar-29-24 14:57:12 PDT,Apr-29-25 14:57:12 PDT,Body Moldings & Trims,33654,,,New,,,,,,US,,,
395299783109," New Rear, Passenger Side Bumper Bracket For Kia Sportage 2017-2022",,CAR-KI1167107,1,FIXED_PRICE,USD,11.63,,,11.63,0,,,Mar-27-24 14:14:24 PDT,Apr-27-25 14:14:24 PDT,Bumpers & Reinforcements,33640,,,New,,,,,,US,,,
395299493412," New Front, Passenger Side Bumper Bracket For Toyota Corolla 2017-2019",,TO1043131,10,FIXED_PRICE,USD,11.72,,,11.72,0,,,Mar-27-24 10:41:06 PDT,Apr-27-25 10:41:06 PDT,Bumpers & Reinforcements,33640,,,New,,,,,,US,,,
395332203099, New Front Tow Eye Cover For BMW 740i 1995-2001,,CAR-BM1000194,0,FIXED_PRICE,USD,11.75,,,11.75,0,,,Apr-11-24 09:31:14 PDT,Apr-11-25 09:31:14 PDT,Bumper Inserts & Covers,262146,,,New,,,,,,US,,,
395299785107," New Rear, Driver Side Bumper Bracket For Kia Sportage 2017-2022",,CAR-KI1166107,1,FIXED_PRICE,USD,11.78,,,11.78,0,,,Mar-27-24 14:17:21 PDT,Apr-27-25 14:17:21 PDT,Bumpers & Reinforcements,33640,,,New,,,,,,US,,,
395964711845,"New Front, Driver Side, Inner Fog Light Trim For BMW 535d xDrive 2014-2016",,CAR-BM1038140,0,FIXED_PRICE,USD,11.87,,,11.87,0,,,Dec-03-24 09:39:04 PST,May-03-25 09:39:04 PDT,Body Moldings & Trims,33654,,,New,,,,,,US,,,
395258175904,"New Front, Passenger Side, Rear Section Fender Liner For Jaguar XK 2007-2015",,CAR-JA1249103,7,FIXED_PRICE,USD,12.02,,,12.02,0,,,Mar-09-24 11:29:02 PST,Apr-09-25 11:29:02 PDT,Fenders,33644,,,New,,,,,,US,,,
396249950773," New Front, Passenger Side Bumper Bracket For Toyota 4Runner 1996-1998",,TO1245101,0,FIXED_PRICE,USD,12.08,,,12.08,0,,,Feb-26-25 08:53:48 PST,Apr-26-25 08:53:48 PDT,Bumpers & Reinforcements,33640,,,New,,,,,,US,,,
395550386307," Front, Driver Side, Interior Door Handle Trim For Mitsubishi Eclipse 1995-1999",,CAR-MI1358109,10,FIXED_PRICE,USD,12.12,,,12.12,0,,,Jul-23-24 13:56:36 PDT,Apr-23-25 13:56:36 PDT,Door Handles,179851,,,New,,,,,,US,,,
396249955011, Passenger Side Headlight Washer Cover For Mercedes Benz C230 2002-2004,,CAR-MB1049107,0,FIXED_PRICE,USD,12.13,,,12.13,0,,,Feb-26-25 08:54:45 PST,Apr-26-25 08:54:45 PDT,"Washer Pumps, Reservoirs & Nozzles",174112,,,New,,,,,,US,,,
395255896284,"New Front, Passenger Side, Outer Fog Light Trim For BMW 535d xDrive 2014-2016",,CAR-BM1039141,2,FIXED_PRICE,USD,12.17,,,12.17,0,,,Mar-08-24 10:44:51 PST,Apr-08-25 10:44:51 PDT,Body Moldings & Trims,33654,,,New,,,,,,US,,,
395258172161,"New Front, Passenger Side, Rear Section Fender Liner For Mercury Sable 1996-1999",,CAR-FO1251118,5,FIXED_PRICE,USD,12.18,,,12.18,0,,,Mar-09-24 11:23:52 PST,Apr-09-25 11:23:52 PDT,Fenders,33644,,,New,,,,,,US,,,
395628900463," Front, Passenger Side Fender Extension For Toyota Highlander 2014-2019",,TO1291117,0,FIXED_PRICE,USD,12.18,,,12.18,0,,,Aug-29-24 15:52:58 PDT,Apr-29-25 15:52:58 PDT,Fenders,33644,,,New,,,,,,US,,,
395551469955, Driver Side Headlight Washer Cover For Mercedes Benz R500 2006-2010,,CAR-MB1048125,0,FIXED_PRICE,USD,12.23,,,12.23,0,,,Jul-24-24 02:15:03 PDT,Apr-24-25 02:15:03 PDT,"Washer Pumps, Reservoirs & Nozzles",174112,,,New,,,,,,US,,,
395255852020,"New Front, Passenger Side, Inner Fog Light Trim For BMW 535d xDrive 2014-2016",,CAR-BM1039140,2,FIXED_PRICE,USD,12.27,,,12.27,0,,,Mar-08-24 10:16:08 PST,Apr-08-25 10:16:08 PDT,Body Moldings & Trims,33654,,,New,,,,,,US,,,
395299782480," New Front, Driver Side Bumper Bracket For Honda Accord 2013-2017",,CAR-HO1042115,10,FIXED_PRICE,USD,12.33,,,12.33,0,,,Mar-27-24 14:13:27 PDT,Apr-27-25 14:13:27 PDT,Bumpers & Reinforcements,33640,,,New,,,,,,US,,,
395234806137,"New Front, Passenger Side, Lower Side Marker For Chevrolet C1500 1988-1993",,CAR-GM2551105,10,FIXED_PRICE,USD,12.35,,,12.35,0,,,Feb-29-24 05:25:46 PST,Apr-29-25 05:25:46 PDT,Side Marker Light Assemblies,33715,,,New,,,,,,US,,,
395299782479," New Front, Passenger Side Bumper Bracket For Honda Accord 2013-2017",,CAR-HO1043115,10,FIXED_PRICE,USD,12.37,,,12.37,0,,,Mar-27-24 14:13:27 PDT,Apr-27-25 14:13:27 PDT,Bumpers & Reinforcements,33640,,,New,,,,,,US,,,
395258173300,"New Front, Driver Side Fender Liner For Pontiac Aztek 2001-2005",,CAR-GM1248158,4,FIXED_PRICE,USD,12.38,,,12.38,0,,,Mar-09-24 11:25:26 PST,Apr-09-25 11:25:26 PDT,Fenders,33644,,,New,,,,,,US,,,
395258192860,"New Front, Driver Side Fender Liner For Dodge Caravan 1984-1995",,CAR-CH1250113,9,FIXED_PRICE,USD,12.38,,,12.38,0,,,Mar-09-24 11:41:43 PST,Apr-09-25 11:41:43 PDT,Fenders,33644,,,New,,,,,,US,,,
395299494172," New Front, Driver Side Bumper Bracket For Buick LaCrosse 2017-2019",,CAR-GM1042132,10,FIXED_PRICE,USD,12.39,,,12.39,0,0,,Mar-27-24 10:42:03 PDT,Apr-27-25 10:42:03 PDT,Bumpers & Reinforcements,33640,,,New,,,,,,US,,,
395301590431," New Front, Passenger Side Bumper Retainer For BMW 740i 2013-2015",,CAR-BM1043114,0,FIXED_PRICE,USD,12.41,,,12.41,0,,,Mar-28-24 08:03:12 PDT,Apr-28-25 08:03:12 PDT,Bumpers & Reinforcements,33640,,,New,,,,,,US,,,
395299566245," New Front, Driver Side Bumper Bracket For Hyundai Santa Fe 2013-2016",,CAR-HY1042142,9,FIXED_PRICE,USD,12.42,,,12.42,0,,,Mar-27-24 11:26:05 PDT,Apr-27-25 11:26:05 PDT,Bumpers & Reinforcements,33640,,,New,,,,,,US,,,
395299785984," New Front, Passenger Side Bumper Bracket For Ford Escape 2013-2016",,CAR-FO1043129,0,FIXED_PRICE,USD,12.44,,,12.44,0,,,Mar-27-24 14:18:21 PDT,Apr-27-25 14:18:21 PDT,Bumpers & Reinforcements,33640,,,New,,,,,,US,,,
395234806131,"New Front, Driver Side, Lower Side Marker For Chevrolet C1500 1988-1993",,CAR-GM2550105,10,FIXED_PRICE,USD,12.46,,,12.46,0,,,Feb-29-24 05:25:45 PST,Apr-29-25 05:25:45 PDT,Side Marker Light Assemblies,33715,,,New,,,,,,US,,,
395255851451,"New Front, Driver Side, Outer Fog Light Trim For BMW 535d xDrive 2014-2016",,CAR-BM1038141,0,FIXED_PRICE,USD,12.47,,,12.47,0,,,Mar-08-24 10:15:49 PST,Apr-08-25 10:15:49 PDT,Body Moldings & Trims,33654,,,New,,,,,,US,,,
395258172211,"New Front, Driver Side Fender Liner For Buick LeSabre 1997-1999",,CAR-GM1248144,3,FIXED_PRICE,USD,12.5,,,12.5,0,,,Mar-09-24 11:23:55 PST,Apr-09-25 11:23:55 PDT,Fenders,33644,,,New,,,,,,US,,,
395643221954," Passenger Side, Lower Headlight Filler For Toyota RAV4 1996-2000",,CAR-TO1089105,8,FIXED_PRICE,USD,12.53,,,12.53,0,,,Sep-02-24 19:54:05 PDT,May-02-25 19:54:05 PDT,Headlight Assemblies,33710,,,New,,,,,,US,,,
395350515833, New Passenger Side Engine Splash Shield For Kia Rio 2006-2011,,CAR-KI1228107,0,FIXED_PRICE,USD,12.56,,,12.56,0,,,Apr-19-24 13:14:03 PDT,Apr-19-25 13:14:03 PDT,Splash Guards & Mud Flaps,50455,,,New,,,,,,US,,,
395617718001, Passenger Side Headlight Filler For BMW 740i 1995-2001,,CAR-BM2513104,0,FIXED_PRICE,USD,12.57,,,12.57,0,,,Aug-25-24 10:05:25 PDT,Apr-25-25 10:05:25 PDT,Headlight Assemblies,33710,,,New,,,,,,US,,,
395617722807," Driver Side, Lower Headlight Filler For Toyota RAV4 1996-2000",,CAR-TO1088105,0,FIXED_PRICE,USD,12.58,,,12.58,0,,,Aug-25-24 10:10:36 PDT,Apr-25-25 10:10:36 PDT,Headlight Assemblies,33710,,,New,,,,,,US,,,
395439756997," Front, Passenger Side, Outer Bumper Grille For Volkswagen Touareg 2004-2007",,CAR-VW1039112,0,FIXED_PRICE,USD,12.62,,,12.62,0,,,May-31-24 05:00:29 PDT,Apr-30-25 05:00:29 PDT,Bumpers & Reinforcements,33640,,,New,,,,,,US,,,
395866811465,"New Front, Driver Side Bumper Retainer For BMW 740i 2013-2015",,CAR-BM1042114,0,FIXED_PRICE,USD,12.62,,,12.62,0,,,Nov-04-24 06:21:15 PST,Apr-04-25 06:21:15 PDT,Bumpers & Reinforcements,33640,,,New,,,,,,US,,,
395550386264," Front, Pass Side, Interior Door Handle Trim For Mitsubishi Eclipse 1995-1999",,CAR-MI1359109,10,FIXED_PRICE,USD,12.65,,,12.65,0,,,Jul-23-24 13:56:32 PDT,Apr-23-25 13:56:32 PDT,Door Handles,179851,,,New,,,,,,US,,,
395254435883,New Passenger Side Grille Trim For Hyundai Elantra 2010-2010,,CAR-HY1213100,0,FIXED_PRICE,USD,12.68,,,12.68,0,,,Mar-07-24 20:04:12 PST,Apr-07-25 20:04:12 PDT,Body Moldings & Trims,33654,,,New,,,,,,US,,,
395550388112, Passenger Side Lift Support For Mitsubishi Outlander 2007-2013,,CAR-MI1910107,10,FIXED_PRICE,USD,12.69,,,12.69,0,,,Jul-23-24 13:58:45 PDT,Apr-23-25 13:58:45 PDT,Lift Supports & Prop Rods,262158,,,New,,,,,,US,,,
396249954524, Washer Reservoir Filler Neck For Honda Fit 2007-2008,,CAR-HO1289100,0,FIXED_PRICE,USD,12.75,,,12.75,0,,,Feb-26-25 08:54:44 PST,Apr-26-25 08:54:44 PDT,Expansion & Overflow Tanks,174030,,,New,,,,,,US,,,
395261631253,"New Front, Passenger Side Fender Liner For Volvo S40 2000-2000",,CAR-VO1249103,3,FIXED_PRICE,USD,12.81,,,12.81,0,,,Mar-11-24 06:40:22 PDT,Apr-11-25 06:40:22 PDT,Fenders,33644,,,New,,,,,,US,,,
395258175809,"New Front, Driver Side, Rear Section Fender Liner For Volkswagen Eos 2007-2007",,CAR-VW1762100,1,FIXED_PRICE,USD,12.82,,,12.82,0,,,Mar-09-24 11:28:55 PST,Apr-09-25 11:28:55 PDT,Fenders,33644,,,New,,,,,,US,,,
395254445555,New Passenger Side Grille Trim For Hyundai Elantra 2010-2010,,CAR-HY1215100,9,FIXED_PRICE,USD,12.84,,,12.84,0,,,Mar-07-24 20:08:28 PST,Apr-07-25 20:08:28 PDT,Body Moldings & Trims,33654,,,New,,,,,,US,,,
395299411092," New Front, Driver Side Bumper Bracket For Toyota Corolla 2009-2010",,CAR-TO1042110,10,FIXED_PRICE,USD,12.85,,,12.85,0,,,Mar-27-24 09:55:46 PDT,Apr-27-25 09:55:46 PDT,Bumpers & Reinforcements,33640,,,New,,,,,,US,,,
395299493411," New Front, Passenger Side Bumper Bracket For Buick LaCrosse 2017-2019",,CAR-GM1043132,10,FIXED_PRICE,USD,12.95,,,12.95,0,,,Mar-27-24 10:41:06 PDT,Apr-27-25 10:41:06 PDT,Bumpers & Reinforcements,33640,,,New,,,,,,US,,,
395299411086," New Front, Passenger Side Bumper Bracket For Toyota Corolla 2009-2010",,CAR-TO1043110,10,FIXED_PRICE,USD,12.96,,,12.96,0,,,Mar-27-24 09:55:46 PDT,Apr-27-25 09:55:46 PDT,Bumpers & Reinforcements,33640,,,New,,,,,,US,,,
395299627544," New Front, Driver Side Bumper Bracket For Honda Civic 2006-2011",,CAR-HO1042114,10,FIXED_PRICE,USD,13,,,13,0,,,Mar-27-24 12:18:20 PDT,Apr-27-25 12:18:20 PDT,Bumpers & Reinforcements,33640,,,New,,,,,,US,,,
395628892139," Front, Passenger Side Fog Light Trim For Toyota Corolla 2014-2014",,CAR-TO1039171,7,FIXED_PRICE,USD,13.05,,,13.05,0,,,Aug-29-24 15:51:42 PDT,Apr-29-25 15:51:42 PDT,Fog Light Assemblies,33709,,,New,,,,,,US,,,
395299629287," New Front, Driver Side Bumper Bracket For Toyota Avalon 2013-2018",,CAR-TO1032114,10,FIXED_PRICE,USD,13.09,,,13.09,0,,,Mar-27-24 12:19:40 PDT,Apr-27-25 12:19:40 PDT,Bumpers & Reinforcements,33640,,,New,,,,,,US,,,
395301593755," New Front, Driver Side Bumper Retainer For Mazda 3 2014-2018",,CAR-MA1032110,10,FIXED_PRICE,USD,13.1,,,13.1,0,,,Mar-28-24 08:04:47 PDT,Apr-28-25 08:04:47 PDT,Bumpers & Reinforcements,33640,,,New,,,,,,US,,,
395824666928,New Driver Side Engine Splash Shield For Suzuki Aerio 2002-2007,,CAR-SZ1248113,0,FIXED_PRICE,USD,13.1,,,13.1,0,,,Oct-24-24 10:22:31 PDT,Apr-24-25 10:22:31 PDT,Splash Guards & Mud Flaps,50455,,,New,,,,,,US,,,
395299566030," New Front, Passenger Side Bumper Bracket For Hyundai Sonata 2011-2014",,CAR-HY1033102,1,FIXED_PRICE,USD,13.13,,,13.13,0,,,Mar-27-24 11:25:55 PDT,Apr-27-25 11:25:55 PDT,Bumpers & Reinforcements,33640,,,New,,,,,,US,,,
395350504847, New Driver Side Engine Splash Shield For Kia Rio 2006-2011,,CAR-KI1228108,0,FIXED_PRICE,USD,13.13,,,13.13,0,,,Apr-19-24 13:07:35 PDT,Apr-19-25 13:07:35 PDT,Splash Guards & Mud Flaps,50455,,,New,,,,,,US,,,
395299413467," New Front, Driver Side Bumper Bracket For Nissan Versa 2007-2012",,CAR-NI1062100,10,FIXED_PRICE,USD,13.15,,,13.15,0,,,Mar-27-24 09:56:31 PDT,Apr-27-25 09:56:31 PDT,Bumpers & Reinforcements,33640,,,New,,,,,,US,,,
395299781698," New Front, Passenger Side Bumper Bracket For Hyundai Elantra 2011-2016",,CAR-HY1043107,10,FIXED_PRICE,USD,13.15,,,13.15,0,,,Mar-27-24 14:12:29 PDT,Apr-27-25 14:12:29 PDT,Bumpers & Reinforcements,33640,,,New,,,,,,US,,,
395301598908," New Front, Driver Side Bumper Retainer For BMW 535i 2011-2013",,CAR-BM1026102,2,FIXED_PRICE,USD,13.16,,,13.16,0,,,Mar-28-24 08:07:25 PDT,Apr-28-25 08:07:25 PDT,Bumpers & Reinforcements,33640,,,New,,,,,,US,,,
395617716506," Rear, Driver Side Fender Support For Hyundai Tucson 2016-2021",,CAR-HY1244107,0,FIXED_PRICE,USD,13.16,,,13.16,0,,,Aug-25-24 10:03:47 PDT,Apr-25-25 10:03:47 PDT,Fenders,33644,,,New,,,,,,US,,,
395628892449," Front, Driver Side Fog Light Trim For Toyota Corolla 2014-2014",,CAR-TO1038171,5,FIXED_PRICE,USD,13.16,,,13.16,0,,,Aug-29-24 15:51:45 PDT,Apr-29-25 15:51:45 PDT,Fog Light Assemblies,33709,,,New,,,,,,US,,,
395643217492," Front, Driver Side Bumper Retainer For Toyota Camry 2015-2017",,CAR-TO1032121,10,FIXED_PRICE,USD,13.17,,,13.17,0,,,Sep-02-24 19:52:10 PDT,May-02-25 19:52:10 PDT,Bumpers & Reinforcements,33640,,,New,,,,,,US,,,
395299630642," New Front, Passenger Side Bumper Bracket For Honda Civic 2006-2011",,CAR-HO1043114,10,FIXED_PRICE,USD,13.18,,,13.18,0,,,Mar-27-24 12:20:39 PDT,Apr-27-25 12:20:39 PDT,Bumpers & Reinforcements,33640,,,New,,,,,,US,,,
395448596182," Front, Driver Side Valance For Chevrolet Camaro 2019-2024",,CAR-GM1038268,2,FIXED_PRICE,USD,13.18,,,13.18,0,,,Jun-04-24 10:29:37 PDT,Apr-04-25 10:29:37 PDT,Bumpers & Reinforcements,33640,,,New,,,,,,US,,,
395448596183," Front, Passenger Side Valance For Chevrolet Camaro 2019-2024",,CAR-GM1039268,3,FIXED_PRICE,USD,13.18,,,13.18,0,,,Jun-04-24 10:29:38 PDT,Apr-04-25 10:29:38 PDT,Bumpers & Reinforcements,33640,,,New,,,,,,US,,,
395795047074," New Front, Passenger Side Bumper Retainer For BMW 535i 2014-2015",,CAR-BM1033102,0,FIXED_PRICE,USD,13.2,,,13.2,0,,,Oct-13-24 13:55:16 PDT,Apr-13-25 13:55:16 PDT,Bumpers & Reinforcements,33640,,,New,,,,,,US,,,
395299610260," New Front, Passenger Side Bumper Bracket For Ford Fusion 2013-2016",,CAR-FO1033103,10,FIXED_PRICE,USD,13.23,,,13.23,0,,,Mar-27-24 12:01:31 PDT,Apr-27-25 12:01:31 PDT,Bumpers & Reinforcements,33640,,,New,,,,,,US,,,
395255880430,"New Front, Passenger Side, Lower Bumper Trim For BMW 325i 2006-2008",,CAR-BM1047115,0,FIXED_PRICE,USD,13.24,,,13.24,0,,,Mar-08-24 10:36:42 PST,Apr-08-25 10:36:42 PDT,Body Moldings & Trims,33654,,,New,,,,,,US,,,
395550388449, Washer Reservoir Filler Neck For Honda Civic 2004-2005,,CAR-HO1288144,0,FIXED_PRICE,USD,13.24,,,13.24,0,,,Jul-23-24 13:59:30 PDT,Apr-23-25 13:59:30 PDT,Expansion & Overflow Tanks,174030,,,New,,,,,,US,,,
395643199556, Passenger Side Engine Splash Shield For Mazda CX-9 2016-2023,,MA1251116,8,FIXED_PRICE,USD,13.24,,,13.24,0,,,Sep-02-24 19:40:59 PDT,May-02-25 19:40:59 PDT,Splash Guards & Mud Flaps,50455,,,New,,,,,,US,,,
395439757775," Front, Passenger Side, Outer Bumper Grille For Mercedes Benz S500 2000-2000",,CAR-MB1039101,0,FIXED_PRICE,USD,13.27,,,13.27,0,,,May-31-24 05:00:49 PDT,Apr-30-25 05:00:49 PDT,Bumpers & Reinforcements,33640,,,New,,,,,,US,,,
395628890083," Front, Driver Side Tow Eye Cover For Nissan Versa 2007-2012",,CAR-NI1087119,10,FIXED_PRICE,USD,13.28,,,13.28,0,0,,Aug-29-24 15:50:06 PDT,Apr-29-25 15:50:06 PDT,Bumper Inserts & Covers,262146,,,New,,,,,,US,,,
395299781706," New Front, Driver Side Bumper Bracket For Hyundai Elantra 2011-2016",,CAR-HY1042107,4,FIXED_PRICE,USD,13.29,,,13.29,0,,,Mar-27-24 14:12:30 PDT,Apr-27-25 14:12:30 PDT,Bumpers & Reinforcements,33640,,,New,,,,,,US,,,
395628887040," Front, Driver Side Fog Light Cover For Honda Pilot 2016-2023",,CAR-HO1038127,10,FIXED_PRICE,USD,13.32,,,13.32,0,,,Aug-29-24 15:46:16 PDT,Apr-29-25 15:46:16 PDT,Fog Light Assemblies,33709,,,New,,,,,,US,,,
395643176806," Front, Passenger Side Fog Light Cover For Honda Pilot 2019-2023",,CAR-HO1039127,2,FIXED_PRICE,USD,13.32,,,13.32,0,,,Sep-02-24 19:25:27 PDT,May-02-25 19:25:27 PDT,Fog Light Assemblies,33709,,,New,,,,,,US,,,
395299582475," New Front, Driver Side Bumper Bracket For Hyundai Sonata 2011-2014",,CAR-HY1032102,4,FIXED_PRICE,USD,13.34,,,13.34,0,,,Mar-27-24 11:35:34 PDT,Apr-27-25 11:35:34 PDT,Bumpers & Reinforcements,33640,,,New,,,,,,US,,,
395299628132," New Front, Driver Side Bumper Bracket For Hyundai Sonata 2015-2017",,HY1042114,5,FIXED_PRICE,USD,13.34,,,13.34,0,,,Mar-27-24 12:18:42 PDT,Apr-27-25 12:18:42 PDT,Bumpers & Reinforcements,33640,,,New,,,,,,US,,,
395255971183,"New Front, Driver Side, Upper Fog Light Trim For Audi A4 2005-2009",,CAR-AU2600101,10,FIXED_PRICE,USD,13.35,,,13.35,0,,,Mar-08-24 11:24:49 PST,Apr-08-25 11:24:49 PDT,Body Moldings & Trims,33654,,,New,,,,,,US,,,
395299493191," New Rear, Passenger Side Bumper Bracket For Toyota Corolla 2009-2013",,CAR-TO1143101,10,FIXED_PRICE,USD,13.36,,,13.36,0,,,Mar-27-24 10:40:50 PDT,Apr-27-25 10:40:50 PDT,Bumpers & Reinforcements,33640,,,New,,,,,,US,,,
